<keymap version="1" name="Windows copy" parent="$default">
  <action id="$Undo">
    <keyboard-shortcut first-keystroke="ctrl z" />
  </action>
  <action id="AceAction">
    <keyboard-shortcut first-keystroke="ctrl semicolon" />
    <keyboard-shortcut first-keystroke="alt f" />
  </action>
  <action id="AceTargetAction">
    <keyboard-shortcut first-keystroke="ctrl alt semicolon" />
    <keyboard-shortcut first-keystroke="alt v" />
  </action>
  <action id="ActivateFindToolWindow" />
  <action id="ActivateProblemsViewToolWindow" />
  <action id="ActivateTerminalToolWindow">
    <keyboard-shortcut first-keystroke="alt f12" />
    <keyboard-shortcut first-keystroke="alt 6" />
  </action>
  <action id="AddToFavoritesPopup">
    <keyboard-shortcut first-keystroke="shift alt f" />
    <keyboard-shortcut first-keystroke="alt 3" />
  </action>
  <action id="Back">
    <keyboard-shortcut first-keystroke="ctrl alt left" />
    <mouse-shortcut keystroke="button4" />
    <keyboard-shortcut first-keystroke="alt q" />
  </action>
  <action id="ChangesView.Rename">
    <keyboard-shortcut first-keystroke="f2" />
  </action>
  <action id="ChooseDebugConfiguration">
    <keyboard-shortcut first-keystroke="shift alt f9" />
    <keyboard-shortcut first-keystroke="alt d" />
  </action>
  <action id="ChooseRunConfiguration">
    <keyboard-shortcut first-keystroke="shift alt f10" />
    <keyboard-shortcut first-keystroke="alt r" />
  </action>
  <action id="CodeInspection.OnEditor" />
  <action id="Console.Oracle.DbmsOutput">
    <keyboard-shortcut first-keystroke="ctrl f8" />
  </action>
  <action id="EditorContextInfo" />
  <action id="EditorSelectWord">
    <keyboard-shortcut first-keystroke="ctrl w" />
    <keyboard-shortcut first-keystroke="alt w" />
  </action>
  <action id="EditorUnSelectWord">
    <keyboard-shortcut first-keystroke="shift ctrl w" />
    <keyboard-shortcut first-keystroke="shift alt w" />
  </action>
  <action id="ExternalJavaDoc" />
  <action id="FileChooser.NewFolder">
    <keyboard-shortcut first-keystroke="alt insert" />
    <keyboard-shortcut first-keystroke="ctrl n" />
    <keyboard-shortcut first-keystroke="shift alt f12" />
  </action>
  <action id="Forward">
    <keyboard-shortcut first-keystroke="ctrl alt right" />
    <mouse-shortcut keystroke="button5" />
    <keyboard-shortcut first-keystroke="alt e" />
  </action>
  <action id="Generate">
    <keyboard-shortcut first-keystroke="alt insert" />
    <keyboard-shortcut first-keystroke="shift alt f12" />
  </action>
  <action id="Git.Reword.Commit">
    <keyboard-shortcut first-keystroke="f2" />
  </action>
  <action id="GotoAction">
    <keyboard-shortcut first-keystroke="shift ctrl a" />
    <keyboard-shortcut first-keystroke="alt a" />
  </action>
  <action id="HideActiveWindow">
    <keyboard-shortcut first-keystroke="shift escape" />
    <keyboard-shortcut first-keystroke="shift f1" />
  </action>
  <action id="InsertLiveTemplate" />
  <action id="JumpToLastChange">
    <keyboard-shortcut first-keystroke="shift ctrl back_space" />
    <keyboard-shortcut first-keystroke="alt back_space" />
  </action>
  <action id="MoveStatementDown">
    <keyboard-shortcut first-keystroke="shift ctrl down" />
    <keyboard-shortcut first-keystroke="shift alt n" />
  </action>
  <action id="MoveStatementUp">
    <keyboard-shortcut first-keystroke="shift ctrl up" />
    <keyboard-shortcut first-keystroke="shift alt i" />
  </action>
  <action id="NewElement">
    <keyboard-shortcut first-keystroke="alt insert" />
    <keyboard-shortcut first-keystroke="shift alt f12" />
  </action>
  <action id="RecentFiles">
    <keyboard-shortcut first-keystroke="ctrl e" />
    <keyboard-shortcut first-keystroke="alt c" />
  </action>
  <action id="ReformatCode">
    <keyboard-shortcut first-keystroke="ctrl alt l" />
    <keyboard-shortcut first-keystroke="shift alt l" />
  </action>
  <action id="ShelvedChanges.Rename">
    <keyboard-shortcut first-keystroke="f2" />
  </action>
  <action id="Stop">
    <keyboard-shortcut first-keystroke="ctrl f2" />
    <keyboard-shortcut first-keystroke="alt s" />
  </action>
  <action id="context.load" />
  <action id="emacsIDEAs.AceJumpWord">
    <keyboard-shortcut first-keystroke="meta l" />
    <keyboard-shortcut first-keystroke="meta i" second-keystroke="meta f" />
    <keyboard-shortcut first-keystroke="ctrl j" />
  </action>
  <action id="tasks.close" />
  <action id="tasks.goto" />
</keymap>